--- CRUD Persona
INSERT INTO persona  VALUES (1, 'CC', 1002234221, 'Wilie', 'Pattingson', '3/10/2020', 3327526077, 'wpattingson0@google.ru', 'Colombiana');
INSERT INTO persona  VALUES (2, 'TI', 1002234234, 'Tristam', 'Almack', '10/09/2020', 3826062430, 'talmack1@google.pl', 'Colombiana');
INSERT INTO persona  VALUES (3, 'CE', 1002234223, 'Dallas', 'St. Ledger', '2/2/2021', 3208234820, 'dst2@noaa.gov', 'Colombiana');
INSERT INTO persona  VALUES (4, 'CC', 1002234213, 'Susy', 'Biasioli', '10/4/2020', 3288592329, 'sbiasioli3@smugmug.com', 'Colombiana');
INSERT INTO persona  VALUES (5, 'CE', 1002234256, 'Shena', 'Elgy', '6/7/2020', 3806461899, 'selgy4@delicious.com', 'Colombiana');
INSERT INTO persona  values (6, 'TI', 1002234200, 'Rodie', 'Jimpson', '6/11/2020', 3251480871, 'rjimpson5@businessweek.com', 'Colombiana');

--- Conductor
Insert into mbda.datos (TIPO,NUMERO,NOMBRES,CELULAR,CORREO,LICENCIA,NACIMIENTO,IDIOMA) values ('CC','1458789857','Laura Garcia','3251478988','laura@yopmail.com','14586578', to_date('24/08/2000','DD/MM/RR'), 'Español');

--- Laboratorio VI
-- CONDUCTORES
Insert into persona (TIPO,NUMERO,NOMBRE,CELULAR,CORREO,LICENCIA,NACIMIENTO,IDIOMA) values ('CE','779878413','Tedda Mocker','5754285117','ted.mocker@hotmail.com','25613225',to_date('27/05/63','DD/MM/RR'),null);
Insert into persona (TIPO,NUMERO,NOMBRE,CELULAR,CORREO,LICENCIA,NACIMIENTO,IDIOMA) values ('CC','603950889','Julieta Halversen','6383053256','jul.halversen@hotmail.com','78129637',to_date('23/10/69','DD/MM/RR'),'Dhivehi');
Insert into persona (TIPO,NUMERO,NOMBRE,CELULAR,CORREO,LICENCIA,NACIMIENTO,IDIOMA) values ('CC','577932417','Toma Blooman','7977782020','tom.blooman@hotmail.com','32330977',to_date('05/07/81','DD/MM/RR'),null);
Insert into persona (TIPO,NUMERO,NOMBRE,CELULAR,CORREO,LICENCIA,NACIMIENTO,IDIOMA) values ('TI','764865234','Chery Fleckney','9640375197','che.fleckney@hotmail.com','27687062',to_date('24/07/85','DD/MM/RR'),null);
Insert into persona (TIPO,NUMERO,NOMBRE,CELULAR,CORREO,LICENCIA,NACIMIENTO,IDIOMA) values ('PS','280691153','Faythe Nock','9588123630','fay.nock@hotmail.com','84291997',to_date('18/11/71','DD/MM/RR'),null);
Insert into persona (TIPO,NUMERO,NOMBRE,CELULAR,CORREO,LICENCIA,NACIMIENTO,IDIOMA) values ('CC','820832310','Fionnula MacConnell','9489835769','fio.macconnell@hotmail.com','83553457',to_date('06/01/84','DD/MM/RR'),null);
Insert into persona (TIPO,NUMERO,NOMBRE,CELULAR,CORREO,LICENCIA,NACIMIENTO,IDIOMA) values ('PS','867629628','Dud Hamber','5773401260','dud.hamber@hotmail.com','106823915',to_date('16/10/64','DD/MM/RR'),'Filipino');
Insert into persona (TIPO,NUMERO,NOMBRE,CELULAR,CORREO,LICENCIA,NACIMIENTO,IDIOMA) values ('CE','610245072','Livvie Domenici','2845508702','liv.domenici@hotmail.com','19909962',to_date('20/01/61','DD/MM/RR'),null);
Insert into persona (TIPO,NUMERO,NOMBRE,CELULAR,CORREO,LICENCIA,NACIMIENTO,IDIOMA) values ('CC','187907419','Even Bickmore','3313665666','eve.bickmore@hotmail.com','46180160',to_date('11/02/81','DD/MM/RR'),null);
Insert into persona (TIPO,NUMERO,NOMBRE,CELULAR,CORREO,LICENCIA,NACIMIENTO,IDIOMA) values ('TI','114489816','Egan Feeley','6980378359','ega.feeley@hotmail.com','104179664',to_date('14/06/67','DD/MM/RR'),'New Zealand Sign Language');
Insert into persona (TIPO,NUMERO,NOMBRE,CELULAR,CORREO,LICENCIA,NACIMIENTO,IDIOMA) values ('TI','840534190','Vivianna Vondrys','4570543666','viv.vondrys@hotmail.com','99643899',to_date('03/01/77','DD/MM/RR'),null);
Insert into persona (TIPO,NUMERO,NOMBRE,CELULAR,CORREO,LICENCIA,NACIMIENTO,IDIOMA) values ('CC','287386373','Zerk Garlett','9278728291','zer.garlett@hotmail.com','74207338',to_date('02/09/68','DD/MM/RR'),'Moldovan');
Insert into persona (TIPO,NUMERO,NOMBRE,CELULAR,CORREO,LICENCIA,NACIMIENTO,IDIOMA) values ('CI','329494070','Lorri Kydde','9844409387','lor.kydde@hotmail.com','90757100',to_date('10/06/74','DD/MM/RR'),'New Zealand Sign Language');
Insert into persona (TIPO,NUMERO,NOMBRE,CELULAR,CORREO,LICENCIA,NACIMIENTO,IDIOMA) values ('TI','747251616','Rosaline Redmond','5150941643','ros.redmond@hotmail.com','50750770',to_date('16/01/65','DD/MM/RR'),null);
Insert into persona (TIPO,NUMERO,NOMBRE,CELULAR,CORREO,LICENCIA,NACIMIENTO,IDIOMA) values ('PS','451704630','Dalenna Whapples','5797330202','dal.whapples@hotmail.com','73255533',to_date('02/06/75','DD/MM/RR'),'Chinese');
Insert into persona (TIPO,NUMERO,NOMBRE,CELULAR,CORREO,LICENCIA,NACIMIENTO,IDIOMA) values ('TI','572221724','Keslie Greed','2523220101','kes.greed@hotmail.com','100114296',to_date('17/03/75','DD/MM/RR'),null);
Insert into persona (TIPO,NUMERO,NOMBRE,CELULAR,CORREO,LICENCIA,NACIMIENTO,IDIOMA) values ('PS','864689693','Giacobo Finlayson','4472549851','gia.finlayson@hotmail.com','111916192',to_date('28/05/66','DD/MM/RR'),null);
Insert into persona (TIPO,NUMERO,NOMBRE,CELULAR,CORREO,LICENCIA,NACIMIENTO,IDIOMA) values ('CE','442540050','Ema Matchell','9236985307','ema.matchell@hotmail.com','67899130',to_date('23/11/70','DD/MM/RR'),null);
Insert into persona (TIPO,NUMERO,NOMBRE,CELULAR,CORREO,LICENCIA,NACIMIENTO,IDIOMA) values ('TI','588447829','Sheffield Giacobazzi','3908866188','she.giacobazzi@hotmail.com','56420776',to_date('09/09/68','DD/MM/RR'),'West Frisian');
Insert into persona (TIPO,NUMERO,NOMBRE,CELULAR,CORREO,LICENCIA,NACIMIENTO,IDIOMA) values ('CE','835701578','Kathy Richarz','6164006420','kat.richarz@hotmail.com','85164697',to_date('06/06/84','DD/MM/RR'),'Finnish');
Insert into persona (TIPO,NUMERO,NOMBRE,CELULAR,CORREO,LICENCIA,NACIMIENTO,IDIOMA) values ('CE','193174716','Hagen Rarity','4672440407','hag.rarity@hotmail.com','40408503',to_date('17/06/78','DD/MM/RR'),'Catalan');
Insert into persona (TIPO,NUMERO,NOMBRE,CELULAR,CORREO,LICENCIA,NACIMIENTO,IDIOMA) values ('PS','492886208','Stanislaw Harpin','2347483560','sta.harpin@hotmail.com','35973039',to_date('02/10/63','DD/MM/RR'),'Nepali');
Insert into persona (TIPO,NUMERO,NOMBRE,CELULAR,CORREO,LICENCIA,NACIMIENTO,IDIOMA) values ('CE','257129833','Codee Beamand','4435735710','cod.beamand@hotmail.com','91733648',to_date('08/12/74','DD/MM/RR'),null);
Insert into persona (TIPO,NUMERO,NOMBRE,CELULAR,CORREO,LICENCIA,NACIMIENTO,IDIOMA) values ('CE','572470883','Noelyn Dalloway','3776267507','noe.dalloway@hotmail.com','65056185',to_date('19/12/64','DD/MM/RR'),null);
Insert into persona (TIPO,NUMERO,NOMBRE,CELULAR,CORREO,LICENCIA,NACIMIENTO,IDIOMA) values ('CE','350399816','Northrop Tolefree','4912985630','nor.tolefree@hotmail.com','57807996',to_date('24/03/62','DD/MM/RR'),null);
Insert into persona (TIPO,NUMERO,NOMBRE,CELULAR,CORREO,LICENCIA,NACIMIENTO,IDIOMA) values ('TI','294844666','Abelard Riding','8313130320','abe.riding@hotmail.com','76196318',to_date('30/03/81','DD/MM/RR'),'Dzongkha');
Insert into persona (TIPO,NUMERO,NOMBRE,CELULAR,CORREO,LICENCIA,NACIMIENTO,IDIOMA) values ('CC','379714318','Emilia Whenham','6927875973','emi.whenham@hotmail.com','118664926',to_date('30/08/88','DD/MM/RR'),null);
Insert into persona (TIPO,NUMERO,NOMBRE,CELULAR,CORREO,LICENCIA,NACIMIENTO,IDIOMA) values ('TI','626685856','Shanon Itzchaky','5106198233','sha.itzchaky@hotmail.com','83986917',to_date('21/02/63','DD/MM/RR'),null);
Insert into persona (TIPO,NUMERO,NOMBRE,CELULAR,CORREO,LICENCIA,NACIMIENTO,IDIOMA) values ('TI','647151061','Heda Lomond','9125930232','hed.lomond@hotmail.com','44339963',to_date('09/02/77','DD/MM/RR'),null);
Insert into persona (TIPO,NUMERO,NOMBRE,CELULAR,CORREO,LICENCIA,NACIMIENTO,IDIOMA) values ('PS','691214278','Jephthah Poxson','1288050485','jep.poxson@hotmail.com','67751114',to_date('24/04/82','DD/MM/RR'),null);
Insert into persona (TIPO,NUMERO,NOMBRE,CELULAR,CORREO,LICENCIA,NACIMIENTO,IDIOMA) values ('TI','156709145','Ileana Lewson','7647546872','ile.lewson@hotmail.com','52635962',to_date('09/03/79','DD/MM/RR'),null);
Insert into persona (TIPO,NUMERO,NOMBRE,CELULAR,CORREO,LICENCIA,NACIMIENTO,IDIOMA) values ('CC','564043996','Elmo Schlag','9669033418','elm.schlag@hotmail.com','72606726',to_date('10/02/90','DD/MM/RR'),'Hiri Motu');
Insert into persona (TIPO,NUMERO,NOMBRE,CELULAR,CORREO,LICENCIA,NACIMIENTO,IDIOMA) values ('CC','694212090','Albie Spadaro','7420834120','alb.spadaro@hotmail.com','120268157',to_date('21/02/67','DD/MM/RR'),'Quechua');
Insert into persona (TIPO,NUMERO,NOMBRE,CELULAR,CORREO,LICENCIA,NACIMIENTO,IDIOMA) values ('CE','397336048','Fayina Devil','2745269042','fay.devil@hotmail.com','119711512',to_date('05/09/88','DD/MM/RR'),'Afrikaans');
Insert into persona (TIPO,NUMERO,NOMBRE,CELULAR,CORREO,LICENCIA,NACIMIENTO,IDIOMA) values ('CE','549289203','Marten Riseam','3724480189','mar.riseam@hotmail.com','113983996',to_date('17/12/85','DD/MM/RR'),'Bengali');
Insert into persona (TIPO,NUMERO,NOMBRE,CELULAR,CORREO,LICENCIA,NACIMIENTO,IDIOMA) values ('PS','453390889','Rois Revington','6596359666','roi.revington@hotmail.com','104749917',to_date('14/04/79','DD/MM/RR'),'Assamese');
Insert into persona (TIPO,NUMERO,NOMBRE,CELULAR,CORREO,LICENCIA,NACIMIENTO,IDIOMA) values ('PS','503970206','Haily Davydzenko','4547757853','hai.davydzenko@hotmail.com','119167463',to_date('24/10/63','DD/MM/RR'),null);
Insert into persona (TIPO,NUMERO,NOMBRE,CELULAR,CORREO,LICENCIA,NACIMIENTO,IDIOMA) values ('CC','727943069','Agustin Ceschelli','9704166785','agu.ceschelli@hotmail.com','116951642',to_date('21/12/69','DD/MM/RR'),null);
Insert into persona (TIPO,NUMERO,NOMBRE,CELULAR,CORREO,LICENCIA,NACIMIENTO,IDIOMA) values ('PS','840136711','Gothart Tiebe','5737767018','got.tiebe@hotmail.com','69549966',to_date('11/11/64','DD/MM/RR'),'Haitian Creole');
Insert into persona (TIPO,NUMERO,NOMBRE,CELULAR,CORREO,LICENCIA,NACIMIENTO,IDIOMA) values ('PS','853086423','Kata Wenden','9215247966','kat.wenden@hotmail.com','87573943',to_date('06/06/73','DD/MM/RR'),null);
Insert into persona (TIPO,NUMERO,NOMBRE,CELULAR,CORREO,LICENCIA,NACIMIENTO,IDIOMA) values ('CC','443277417','Sanford Brumble','9945405749','san.brumble@hotmail.com','75640726',to_date('26/05/90','DD/MM/RR'),null);
Insert into persona (TIPO,NUMERO,NOMBRE,CELULAR,CORREO,LICENCIA,NACIMIENTO,IDIOMA) values ('PS','164908079','Ennis Carswell','7583602452','enn.carswell@hotmail.com','69252077',to_date('09/01/75','DD/MM/RR'),null);
Insert into persona (TIPO,NUMERO,NOMBRE,CELULAR,CORREO,LICENCIA,NACIMIENTO,IDIOMA) values ('PS','623702095','Eadie Iglesia','4992056778','ead.iglesia@hotmail.com','108183050',to_date('08/10/73','DD/MM/RR'),null);
Insert into persona (TIPO,NUMERO,NOMBRE,CELULAR,CORREO,LICENCIA,NACIMIENTO,IDIOMA) values ('PS','325775766','Rosette Ouldcott','4010130907','ros.ouldcott@hotmail.com','79984809',to_date('04/06/79','DD/MM/RR'),null);
Insert into persona (TIPO,NUMERO,NOMBRE,CELULAR,CORREO,LICENCIA,NACIMIENTO,IDIOMA) values ('PS','203600653','Ferguson Hindsberg','9914510808','fer.hindsberg@hotmail.com','139139198',to_date('21/01/72','DD/MM/RR'),null);
Insert into persona (TIPO,NUMERO,NOMBRE,CELULAR,CORREO,LICENCIA,NACIMIENTO,IDIOMA) values ('CC','530815315','Jsandye Jozefczak','7653917300','jsa.jozefczak@hotmail.com','61564161',to_date('05/09/67','DD/MM/RR'),'West Frisian');
Insert into persona (TIPO,NUMERO,NOMBRE,CELULAR,CORREO,LICENCIA,NACIMIENTO,IDIOMA) values ('CE','805670198','Rubina Tibbits','4794563611','rub.tibbits@hotmail.com','105330387',to_date('08/04/67','DD/MM/RR'),'Hiri Motu');
Insert into persona (TIPO,NUMERO,NOMBRE,CELULAR,CORREO,LICENCIA,NACIMIENTO,IDIOMA) values ('CE','860125467','Homer Coathup','9466036555','hom.coathup@hotmail.com','68932772',to_date('25/01/70','DD/MM/RR'),null);
Insert into persona (TIPO,NUMERO,NOMBRE,CELULAR,CORREO,LICENCIA,NACIMIENTO,IDIOMA) values ('CC','642599100','Sandy De La Haye','9556560065','san.de la haye@hotmail.com','88816424',to_date('15/01/67','DD/MM/RR'),'Croatian');
Insert into persona (TIPO,NUMERO,NOMBRE,CELULAR,CORREO,LICENCIA,NACIMIENTO,IDIOMA) values ('CC','206210986','Molli Galland','8857348299','mol.galland@hotmail.com','120491027',to_date('24/02/84','DD/MM/RR'),'Dutch');
Insert into persona (TIPO,NUMERO,NOMBRE,CELULAR,CORREO,LICENCIA,NACIMIENTO,IDIOMA) values ('PS','386843088','Lida Dubs','4771773400','lid.dubs@hotmail.com','178615154',null,null);


-- CLIENTES
Insert into persona (TIPO,NUMERO,NOMBRE,CELULAR,CORREO,LICENCIA,NACIMIENTO,IDIOMA) values ('CC','439056622','Gerladina Hutchason','9869504072','ger.hutchason@hotmail.com','159496316',null,'Norwegian');
Insert into persona (TIPO,NUMERO,NOMBRE,CELULAR,CORREO,LICENCIA,NACIMIENTO,IDIOMA) values ('CE','200899845','Terrye Blomefield','1497551215','ter.blomefield@hotmail.com','179172990',null,null);
Insert into persona (TIPO,NUMERO,NOMBRE,CELULAR,CORREO,LICENCIA,NACIMIENTO,IDIOMA) values ('CE','442956886','Germayne Macoun','2914802505','ger.macoun@hotmail.com','116656493',null,null);
Insert into persona (TIPO,NUMERO,NOMBRE,CELULAR,CORREO,LICENCIA,NACIMIENTO,IDIOMA) values ('CC','483910418','Thibaut O''Longain','2221494903','thi.o''longain@hotmail.com','132214508',null,null);
Insert into persona (TIPO,NUMERO,NOMBRE,CELULAR,CORREO,LICENCIA,NACIMIENTO,IDIOMA) values ('PS','726933216','Aldous Rubinek','9244978413','ald.rubinek@hotmail.com','147713326',null,null);
Insert into persona (TIPO,NUMERO,NOMBRE,CELULAR,CORREO,LICENCIA,NACIMIENTO,IDIOMA) values ('CE','204923578','Patrick Hatzar','3886955752','pat.hatzar@hotmail.com','138605402',null,null);
Insert into persona (TIPO,NUMERO,NOMBRE,CELULAR,CORREO,LICENCIA,NACIMIENTO,IDIOMA) values ('CC','492724389','Virgie Petrovykh','5389207288','vir.petrovykh@hotmail.com','86396070',null,null);
Insert into persona (TIPO,NUMERO,NOMBRE,CELULAR,CORREO,LICENCIA,NACIMIENTO,IDIOMA) values ('PS','766459578','Milty Yurmanovev','7570791411','mil.yurmanovev@hotmail.com','113791683',null,'Yiddish');
Insert into persona (TIPO,NUMERO,NOMBRE,CELULAR,CORREO,LICENCIA,NACIMIENTO,IDIOMA) values ('PS','331411628','Alexis Calverd','6548042455','ale.calverd@hotmail.com','155353458',null,null);
Insert into persona (TIPO,NUMERO,NOMBRE,CELULAR,CORREO,LICENCIA,NACIMIENTO,IDIOMA) values ('PS','728013051','Hayward Moffat','8140745759','hay.moffat@hotmail.com','157880724',null,'Kazakh');
Insert into persona (TIPO,NUMERO,NOMBRE,CELULAR,CORREO,LICENCIA,NACIMIENTO,IDIOMA) values ('PS','827379465','Mariejeanne Hummerston','9016458287','mar.hummerston@hotmail.com','153079332',null,'Malayalam');
Insert into persona (TIPO,NUMERO,NOMBRE,CELULAR,CORREO,LICENCIA,NACIMIENTO,IDIOMA) values ('CE','633478266','Malissa Giorgioni','3731443851','mal.giorgioni@hotmail.com','155623997',null,'Amharic');
Insert into persona (TIPO,NUMERO,NOMBRE,CELULAR,CORREO,LICENCIA,NACIMIENTO,IDIOMA) values ('CE','300481652','Marchall Leeson','7857158379','mar.leeson@hotmail.com','114043211',null,'Northern Sotho');
Insert into persona (TIPO,NUMERO,NOMBRE,CELULAR,CORREO,LICENCIA,NACIMIENTO,IDIOMA) values ('PS','657338197','Miles Pettendrich','2198392301','mil.pettendrich@hotmail.com','153615133',null,null);
Insert into persona (TIPO,NUMERO,NOMBRE,CELULAR,CORREO,LICENCIA,NACIMIENTO,IDIOMA) values ('PS','302977470','Kent Le Pruvost','4944273054','ken.le pruvost@hotmail.com','178984284',null,null);
Insert into persona (TIPO,NUMERO,NOMBRE,CELULAR,CORREO,LICENCIA,NACIMIENTO,IDIOMA) values ('TI','738771900','Rab Oakwood','2316511863','rab.oakwood@hotmail.com','143847483',null,'Guarani');
Insert into persona (TIPO,NUMERO,NOMBRE,CELULAR,CORREO,LICENCIA,NACIMIENTO,IDIOMA) values ('CE','687791759','Ernesta Pollard','3107027392','ern.pollard@hotmail.com','73429614',null,null);
Insert into persona (TIPO,NUMERO,NOMBRE,CELULAR,CORREO,LICENCIA,NACIMIENTO,IDIOMA) values ('TI','171791607','Elke Wason','1481369071','elk.wason@hotmail.com','181872933',null,null);
Insert into persona (TIPO,NUMERO,NOMBRE,CELULAR,CORREO,LICENCIA,NACIMIENTO,IDIOMA) values ('CE','233610699','Riannon McNeachtain','4279738056','ria.mcneachtain@hotmail.com','113024397',null,null);
Insert into persona (TIPO,NUMERO,NOMBRE,CELULAR,CORREO,LICENCIA,NACIMIENTO,IDIOMA) values ('CC','728213455','Vaughan MacAvaddy','9728642311','vau.macavaddy@hotmail.com','95551124',null,null);
Insert into persona (TIPO,NUMERO,NOMBRE,CELULAR,CORREO,LICENCIA,NACIMIENTO,IDIOMA) values ('CC','693892428','Ikey Philippson','2669816068','ike.philippson@hotmail.com','116014706',null,'Sotho');
Insert into persona (TIPO,NUMERO,NOMBRE,CELULAR,CORREO,LICENCIA,NACIMIENTO,IDIOMA) values ('PS','432386099','Daisi Maud','7174466508','dai.maud@hotmail.com','114431299',null,null);
Insert into persona (TIPO,NUMERO,NOMBRE,CELULAR,CORREO,LICENCIA,NACIMIENTO,IDIOMA) values ('TI','505184634','Herman Cansdell','3084905602','her.cansdell@hotmail.com','77653581',null,'Croatian');
Insert into persona (TIPO,NUMERO,NOMBRE,CELULAR,CORREO,LICENCIA,NACIMIENTO,IDIOMA) values ('CC','305962675','Tamar Garrard','8401093053','tam.garrard@hotmail.com','130140800',null,null);
Insert into persona (TIPO,NUMERO,NOMBRE,CELULAR,CORREO,LICENCIA,NACIMIENTO,IDIOMA) values ('PS','499053851','Karissa Snalom','8317508347','kar.snalom@hotmail.com','134973039',null,'Tswana');
Insert into persona (TIPO,NUMERO,NOMBRE,CELULAR,CORREO,LICENCIA,NACIMIENTO,IDIOMA) values ('CE','160090832','Leesa Goodinge','3269716724','lee.goodinge@hotmail.com','176738085',null,null);
Insert into persona (TIPO,NUMERO,NOMBRE,CELULAR,CORREO,LICENCIA,NACIMIENTO,IDIOMA) values ('TI','387700723','Mattie Mateus','4457037478','mat.mateus@hotmail.com','135921049',null,null);
Insert into persona (TIPO,NUMERO,NOMBRE,CELULAR,CORREO,LICENCIA,NACIMIENTO,IDIOMA) values ('CC','401599165','Binny Yeskin','5323912286','bin.yeskin@hotmail.com','132266602',null,'Irish Gaelic');
Insert into persona (TIPO,NUMERO,NOMBRE,CELULAR,CORREO,LICENCIA,NACIMIENTO,IDIOMA) values ('CE','889629463','Alfie Whinray','2453950293','alf.whinray@hotmail.com','94848367',null,'Dzongkha');
Insert into persona (TIPO,NUMERO,NOMBRE,CELULAR,CORREO,LICENCIA,NACIMIENTO,IDIOMA) values ('PS','858551607','Deedee Brende','6578812192','dee.brende@hotmail.com','147479657',null,'Armenian');
Insert into persona (TIPO,NUMERO,NOMBRE,CELULAR,CORREO,LICENCIA,NACIMIENTO,IDIOMA) values ('PS','213098565','Dyane Serotsky','2064072299','dya.serotsky@hotmail.com','100268988',null,null);
Insert into persona (TIPO,NUMERO,NOMBRE,CELULAR,CORREO,LICENCIA,NACIMIENTO,IDIOMA) values ('PS','531197593','Jennie Deeprose','3406198239','jen.deeprose@hotmail.com','114520126',null,'Spanish');
Insert into persona (TIPO,NUMERO,NOMBRE,CELULAR,CORREO,LICENCIA,NACIMIENTO,IDIOMA) values ('CE','147056202','Loralyn Liversidge','9403181836','lor.liversidge@hotmail.com','117572170',null,null);
Insert into persona (TIPO,NUMERO,NOMBRE,CELULAR,CORREO,LICENCIA,NACIMIENTO,IDIOMA) values ('CE','200077001','Lev Page','7147835673','lev.page@hotmail.com','136578308',null,'Zulu');
Insert into persona (TIPO,NUMERO,NOMBRE,CELULAR,CORREO,LICENCIA,NACIMIENTO,IDIOMA) values ('CE','822275705','Dulsea Kingsworth','7630933111','dul.kingsworth@hotmail.com','144994336',null,'Tetum');
Insert into persona (TIPO,NUMERO,NOMBRE,CELULAR,CORREO,LICENCIA,NACIMIENTO,IDIOMA) values ('TI','234204050','Blanche Mulran','5823162535','bla.mulran@hotmail.com','173067485',null,null);
Insert into persona (TIPO,NUMERO,NOMBRE,CELULAR,CORREO,LICENCIA,NACIMIENTO,IDIOMA) values ('CC','551788897','Dorrie Slaney','1136811493','dor.slaney@hotmail.com','136152153',null,null);
Insert into persona (TIPO,NUMERO,NOMBRE,CELULAR,CORREO,LICENCIA,NACIMIENTO,IDIOMA) values ('TI','720660373','Isabelita Chatan','2331199821','isa.chatan@hotmail.com','77013674',null,'Bislama');
Insert into persona (TIPO,NUMERO,NOMBRE,CELULAR,CORREO,LICENCIA,NACIMIENTO,IDIOMA) values ('CE','553145711','Forrest Stranahan',null,'for.stranahan@hotmail.com','85325412',null,'Aymara');
Insert into persona (TIPO,NUMERO,NOMBRE,CELULAR,CORREO,LICENCIA,NACIMIENTO,IDIOMA) values ('CC','821607389','Ludovika Shwalbe','2076475234','lud.shwalbe@hotmail.com','148746693',null,null);
Insert into persona (TIPO,NUMERO,NOMBRE,CELULAR,CORREO,LICENCIA,NACIMIENTO,IDIOMA) values ('CC','300034133','Carola Danslow','1801623745','car.danslow@hotmail.com','136570029',null,null);
Insert into persona (TIPO,NUMERO,NOMBRE,CELULAR,CORREO,LICENCIA,NACIMIENTO,IDIOMA) values ('PS','818318182','Decca McCome','6435321673','dec.mccome@hotmail.com','178902007',null,null);
Insert into persona (TIPO,NUMERO,NOMBRE,CELULAR,CORREO,LICENCIA,NACIMIENTO,IDIOMA) values ('CE','277999609','Blanca Tierney','6790535447','blatierney@hotmail.com','159293159',null,'Malayalam');
Insert into persona (TIPO,NUMERO,NOMBRE,CELULAR,CORREO,LICENCIA,NACIMIENTO,IDIOMA) values ('CC','458925592','Katha Cristoferi','6811414491','kat.cristoferi@hotmail.com','115498692',null,'Nepali');
Insert into persona (TIPO,NUMERO,NOMBRE,CELULAR,CORREO,LICENCIA,NACIMIENTO,IDIOMA) values ('PS','654328889','Gates Spirritt','2916678260','gat.spirritt@hotmail.com','169490732',null,'Dutch');
Insert into persona (TIPO,NUMERO,NOMBRE,CELULAR,CORREO,LICENCIA,NACIMIENTO,IDIOMA) values ('TI','895697903','Morgen Andriolli','6135258294','mor.andriolli@hotmail.com','119327007',null,null);
Insert into persona (TIPO,NUMERO,NOMBRE,CELULAR,CORREO,LICENCIA,NACIMIENTO,IDIOMA) values ('PS','765403883','Karalee Keeler','8418225115','kar.keeler@hotmail.com','105348448',null,'Quechua');
Insert into persona (TIPO,NUMERO,NOMBRE,CELULAR,CORREO,LICENCIA,NACIMIENTO,IDIOMA) values ('TI','478831217','Rosalinde Freyne','4496004016','ros.freyne@hotmail.com','101730039',null,null);
Insert into persona (TIPO,NUMERO,NOMBRE,CELULAR,CORREO,LICENCIA,NACIMIENTO,IDIOMA) values ('CE','517532902','Franchot Eitter','6947569163','fra.eitter@hotmail.com','140223076',null,null);
Insert into persona (TIPO,NUMERO,NOMBRE,CELULAR,CORREO,LICENCIA,NACIMIENTO,IDIOMA) values ('CC','1002800713','Norbey Cardona','3202142214','norbey.cardona@mail.escuelaing.edu.co','256132896',to_date('07/05/21','DD/MM/RR'),'Español');
Insert into persona (TIPO,NUMERO,NOMBRE,CELULAR,CORREO,LICENCIA,NACIMIENTO,IDIOMA) values ('CC','1002800714','Esteban Archila','3202142215','esteban.archila@mail.escuelaing.edu.co',null,to_date('07/05/21','DD/MM/RR'),'Español');

-------------------------

INSERT INTO conductor  VALUES (1, '6941572508', '3/10/1990', 'A');
INSERT INTO conductor  VALUES (2, '8799585457', '4/11/2010', 'I');
INSERT INTO conductor  VALUES (3, '1328242232', '3/12/2000', 'R');

--- CRUD cliente
INSERT INTO cliente VALUES (4, '123654789685745');
INSERT INTO cliente VALUES (5, '357333867554250');
INSERT INTO cliente VALUES (6, '510014127862799');

INSERT INTO tarjeta VALUES ('123654789685745', 'switch', '8/10/2027', 4);
INSERT INTO tarjeta VALUES ('357333867554250', 'jcb', '2/11/2025', 5);
INSERT INTO tarjeta VALUES ('510014127862799', 'mastercard', '12/12/2021', 6);	

--- CRUD vehiculo 
INSERT INTO vehiculo  VALUES ('BQS286', 4, 1600, 2011, 'A', 'A', 4, 3, 61, 1);
INSERT INTO vehiculo  VALUES ('YFK530', 4, 1600, 2012, 'I', 'I', 4, 4, 119, 2);
INSERT INTO vehiculo  VALUES ('AEB758', 4, 1600, 2013, 'C', 'R', 4, 5, 182, 3);

--- CRUD posicion 
INSERT INTO posicion VALUES (121.49, 31.25);
INSERT INTO posicion VALUES (108.21, -7.35);
INSERT INTO posicion VALUES (37.76, 12.98);

--- CRUD ubicacion
INSERT INTO ubicacion VALUES (1, 4, 'Oyope', '4 Pepper Wood Way',121.49, 31.25);
INSERT INTO ubicacion VALUES (2, 5, 'Mynte', '2 Mifflin Lane', 108.21, -7.35);
INSERT INTO ubicacion VALUES (3, 6, 'Pixope', '97 Farwell Hill', 37.76, 12.98);

--- CRUD solicitud 
INSERT INTO solicitud VALUES (49166259, '11/8/2020', '6/8/2020', 'M', 7.54, 'P', '<TRequerimiento>
    <DireccionOrigen>
        Calle 123 # 45 - 56
    </DireccionOrigen>
    <DireccionDestino>
        Calle 165 # 54 - 65
    </DireccionDestino>
    <Requerimientos>
        <Vehiculo color="rojo">
            <Descripcion>
                Vehículo con baúl grande
            </Descripcion>
        </Vehiculo>
    </Requerimientos>
</TRequerimiento>', 4, 121.49, 31.25, 108.21, -7.35);
INSERT INTO solicitud VALUES (16789271, '6/5/2020', '3/3/2021', 'W', 6.3, 'A', '<TRequerimiento>
    <DireccionOrigen>
        Calle 111 # 22 - 33
    </DireccionOrigen>
    <DireccionDestino>
        Calle 112 # 33 - 45
    </DireccionDestino>
    <Requerimientos>
        <Musica>
            <Descripcion>
                Musiquita suave del Sech
            </Descripcion>
        </Musica>
        <Vehiculo color="azul">
            <Descripcion>
                Vehículo con baúl grande
            </Descripcion>
        </Vehiculo>
        <Ruta>
            <Descripcion>
                La más corta pls
            </Descripcion>
        </Ruta>
    </Requerimientos>
</TRequerimiento>', 5, 37.76, 12.98, 121.49, 31.25);
INSERT INTO solicitud VALUES (91769475, '2/3/2021', '1/11/2021', 'M', 6.88, 'C', '<TRequerimiento>
    <DireccionOrigen>
        Calle 45 # 56 - 67
    </DireccionOrigen>
    <DireccionDestino>
        Calle 12 # 25 - 38
    </DireccionDestino>
    <Requerimientos>
        <Musica>
            <Descripcion>
                Algo del silvio rodriguez
            </Descripcion>
        </Musica>
        <Vehiculo color="verde">
            <Descripcion>
                Vehículo con ventanas eléctricas
            </Descripcion>
        </Vehiculo>
        <Ruta>
            <Descripcion>
                La que tenga menos huecos
            </Descripcion>
        </Ruta>
    </Requerimientos>
</TRequerimiento>
', 6, 108.21, -7.35, 121.49, 31.25);

